case,dice
FLARETs_0046,0.5839506983757019
FLARE22_Tr_0049,0.6753379106521606
FLARE22_Tr_0030,0.711864173412323
FLARE22_Tr_0026,0.6108888387680054
FLARE22_Tr_0008,0.6980271935462952
FLARE22_Tr_0047,0.6806042194366455
FLARETs_0033,0.6576727628707886
FLARE22_Tr_0032,0.6861956119537354
MEAN,0.6630676984786987
