case,dice
FLARETs_0046,0.5840849280357361
FLARE22_Tr_0049,0.6767550110816956
FLARE22_Tr_0030,0.7123997807502747
FLARE22_Tr_0026,0.6328102946281433
FLARE22_Tr_0008,0.6940216422080994
FLARE22_Tr_0047,0.6804608702659607
FLARETs_0033,0.6614366173744202
FLARE22_Tr_0032,0.6848788857460022
MEAN,0.6658560037612915
