case,dice
FLARETs_0046,0.6010962128639221
FLARE22_Tr_0049,0.6796426773071289
FLARE22_Tr_0030,0.7131113409996033
FLARE22_Tr_0026,0.6386807560920715
FLARE22_Tr_0008,0.6987237334251404
FLARE22_Tr_0047,0.6789079904556274
FLARETs_0033,0.6608915328979492
FLARE22_Tr_0032,0.6772327423095703
MEAN,0.6685358285903931
