epoch,step,train_loss,val_dice,best_dice,lr
1,58,0.5521735708261358,0.6660394668579102,0.6660394668579102,9.996145181203616e-06
2,116,0.5491457823021658,0.667069673538208,0.667069673538208,9.984586668665641e-06
3,174,0.5523898051730518,-1.0,0.667069673538208,9.965342284774633e-06
4,232,0.5584681450292982,0.6670980453491211,0.6670980453491211,9.938441702975689e-06
5,290,0.5493844197741871,-1.0,0.6670980453491211,9.903926402016153e-06
6,348,0.5496196417972959,0.6646997332572937,0.6670980453491211,9.861849601988384e-06
7,406,0.5461675894671473,-1.0,0.6670980453491211,9.812276182268238e-06
8,464,0.5567630524265355,0.6663385629653931,0.6670980453491211,9.75528258147577e-06
9,522,0.5513255328967653,-1.0,0.6670980453491211,9.690956679612424e-06
